<?xml version="1.0" encoding="utf-8"?>
<Map>
  <EnemyData>
    <State>0</State>
    <xLocation>352</xLocation>
    <yLocation>212</yLocation>
  </EnemyData>
  <EnemyData>
    <State>0</State>
    <xLocation>550</xLocation>
    <yLocation>50</yLocation>
  </EnemyData>

  <EnemyData>
    <State>0</State>
    <xLocation>640</xLocation>
    <yLocation>212</yLocation>
  </EnemyData>
  <EnemyData>
    <State>0</State>
    <xLocation>816</xLocation>
    <yLocation>212</yLocation>
  </EnemyData>
  <EnemyData>
    <State>0</State>
    <xLocation>848</xLocation>
    <yLocation>212</yLocation>
  </EnemyData>
  <EnemyData>
    <State>0</State>
    <xLocation>1280</xLocation>
    <yLocation>64</yLocation>
  </EnemyData>
  <EnemyData>
    <State>0</State>
    <xLocation>1312</xLocation>
    <yLocation>64</yLocation>
  </EnemyData>
  <EnemyData>
    <State>0</State>
    <xLocation>1552</xLocation>
    <yLocation>212</yLocation>
  </EnemyData>
  <EnemyData>
    <State>0</State>
    <xLocation>1584</xLocation>
    <yLocation>212</yLocation>
  </EnemyData>
  <EnemyData>
    <State>0</State>
    <xLocation>1712</xLocation>
    <yLocation>212</yLocation>
  </EnemyData>
  <EnemyData>
    <State>0</State>
    <xLocation>1824</xLocation>
    <yLocation>212</yLocation>
  </EnemyData>
  <EnemyData>
    <State>0</State>
    <xLocation>1855</xLocation>
    <yLocation>212</yLocation>
  </EnemyData>
  <EnemyData>
    <State>0</State>
    <xLocation>1984</xLocation>
    <yLocation>212</yLocation>
  </EnemyData>
  <EnemyData>
    <State>0</State>
    <xLocation>2016</xLocation>
    <yLocation>212</yLocation>
  </EnemyData>
  <EnemyData>
    <State>0</State>
    <xLocation>2048</xLocation>
    <yLocation>208</yLocation>
  </EnemyData>
  <EnemyData>
    <State>0</State>
    <xLocation>2080</xLocation>
    <yLocation>212</yLocation>
  </EnemyData>
  <EnemyData>
    <State>0</State>
    <xLocation>2784</xLocation>
    <yLocation>212</yLocation>
  </EnemyData>
  <EnemyData>
    <State>0</State>
    <xLocation>2816</xLocation>
    <yLocation>212</yLocation>
  </EnemyData>
  <Background>
    <State>1</State>
    <xLocation>0</xLocation>
    <yLocation>189</yLocation>
  </Background>
  <Background>
    <State>7</State>
    <xLocation>168</xLocation>
    <yLocation>208</yLocation>
  </Background>
  <Background>
    <State>0</State>
    <xLocation>239</xLocation>
    <yLocation>205</yLocation>
  </Background>
  <Background>
    <State>2</State>
    <xLocation>136</xLocation>
    <yLocation>64</yLocation>
  </Background>
  <Background>
    <State>2</State>
    <xLocation>294</xLocation>
    <yLocation>46</yLocation>
  </Background>
  <Background>
    <State>5</State>
    <xLocation>377</xLocation>
    <yLocation>208</yLocation>
  </Background>
  <Background>
    <State>4</State>
    <xLocation>441</xLocation>
    <yLocation>64</yLocation>
  </Background>
  <MarioData>
    <State>1</State>
    <xLocation>0</xLocation>
    <yLocation>208</yLocation>
    <Flipped>1</Flipped>
  </MarioData>
  <QuestionBlockData>
    <State>2</State>
    <xLocation>239</xLocation>
    <yLocation>159</yLocation>
    <containedItem>1</containedItem>
    <isHidden>0</isHidden>
  </QuestionBlockData>
  <BrickBlockData>
    <State>0</State>
    <xLocation>304</xLocation>
    <yLocation>159</yLocation>
    <numCoins>1</numCoins>
    <isHidden>0</isHidden>
  </BrickBlockData>
  <QuestionBlockData>
    <State>2</State>
    <xLocation>320</xLocation>
    <yLocation>159</yLocation>
    <containedItem>0</containedItem>
    <isHidden>0</isHidden>
  </QuestionBlockData>
  <BlockData>
    <State>0</State>
    <xLocation>336</xLocation>
    <yLocation>159</yLocation>
  </BlockData>
  <QuestionBlockData>
    <State>2</State>
    <xLocation>352</xLocation>
    <yLocation>159</yLocation>
    <containedItem>2</containedItem>
    <isHidden>0</isHidden>
  </QuestionBlockData>
  <BlockData>
    <State>0</State>
    <xLocation>368</xLocation>
    <yLocation>159</yLocation>
  </BlockData>
  <BlockData>
    <State>0</State>
    <xLocation>384</xLocation>
    <yLocation>159</yLocation>
  </BlockData>
  <QuestionBlockData>
    <State>2</State>
    <xLocation>336</xLocation>
    <yLocation>95</yLocation>
    <containedItem>3</containedItem>
    <isHidden>0</isHidden>
  </QuestionBlockData>

  <BlockData>
		<State>1</State>
		<xLocation>0</xLocation>
		<yLocation>224</yLocation>
	</BlockData>
	<BlockData>
		<State>1</State>
		<xLocation>16</xLocation>
		<yLocation>224</yLocation>
	</BlockData>
	<BlockData>
		<State>1</State>
		<xLocation>32</xLocation>
		<yLocation>224</yLocation>
	</BlockData>
	<BlockData>
		<State>1</State>
		<xLocation>48</xLocation>
		<yLocation>224</yLocation>
	</BlockData>
	<BlockData>
		<State>1</State>
		<xLocation>64</xLocation>
		<yLocation>224</yLocation>
	</BlockData>
	<BlockData>
		<State>1</State>
		<xLocation>80</xLocation>
		<yLocation>224</yLocation>
	</BlockData>
	<BlockData>
		<State>1</State>
		<xLocation>96</xLocation>
		<yLocation>224</yLocation>
	</BlockData>
	<BlockData>
		<State>1</State>
		<xLocation>112</xLocation>
		<yLocation>224</yLocation>
	</BlockData>
	<BlockData>
		<State>1</State>
		<xLocation>128</xLocation>
		<yLocation>224</yLocation>
	</BlockData>
	<BlockData>
		<State>1</State>
		<xLocation>144</xLocation>
		<yLocation>224</yLocation>
	</BlockData>
	<BlockData>
		<State>1</State>
		<xLocation>160</xLocation>
		<yLocation>224</yLocation>
	</BlockData>
	<BlockData>
		<State>1</State>
		<xLocation>176</xLocation>
		<yLocation>224</yLocation>
	</BlockData>
	<BlockData>
		<State>1</State>
		<xLocation>192</xLocation>
		<yLocation>224</yLocation>
	</BlockData>
	<BlockData>
		<State>1</State>
		<xLocation>208</xLocation>
		<yLocation>224</yLocation>
	</BlockData>
	<BlockData>
		<State>1</State>
		<xLocation>224</xLocation>
		<yLocation>224</yLocation>
	</BlockData>
	<BlockData>
		<State>1</State>
		<xLocation>240</xLocation>
		<yLocation>224</yLocation>
	</BlockData>
	<BlockData>
		<State>1</State>
		<xLocation>256</xLocation>
		<yLocation>224</yLocation>
	</BlockData>
	<BlockData>
		<State>1</State>
		<xLocation>272</xLocation>
		<yLocation>224</yLocation>
	</BlockData>
	<BlockData>
		<State>1</State>
		<xLocation>288</xLocation>
		<yLocation>224</yLocation>
	</BlockData>
	<BlockData>
		<State>1</State>
		<xLocation>304</xLocation>
		<yLocation>224</yLocation>
	</BlockData>
	<BlockData>
		<State>1</State>
		<xLocation>320</xLocation>
		<yLocation>224</yLocation>
	</BlockData>
	<BlockData>
		<State>1</State>
		<xLocation>336</xLocation>
		<yLocation>224</yLocation>
	</BlockData>
	<BlockData>
		<State>1</State>
		<xLocation>352</xLocation>
		<yLocation>224</yLocation>
	</BlockData>
	<BlockData>
		<State>1</State>
		<xLocation>368</xLocation>
		<yLocation>224</yLocation>
	</BlockData>
	<BlockData>
		<State>1</State>
		<xLocation>384</xLocation>
		<yLocation>224</yLocation>
	</BlockData>
	<BlockData>
		<State>1</State>
		<xLocation>400</xLocation>
		<yLocation>224</yLocation>
	</BlockData>
	<BlockData>
		<State>1</State>
		<xLocation>416</xLocation>
		<yLocation>224</yLocation>
	</BlockData>
	<BlockData>
		<State>1</State>
		<xLocation>432</xLocation>
		<yLocation>224</yLocation>
	</BlockData>
  
	<BlockData>
		<State>1</State>
		<xLocation>448</xLocation>
		<yLocation>224</yLocation>
	</BlockData>
  <PipeData>
    <xLocation>448</xLocation>
    <yLocation>192</yLocation>
    <piranha>1</piranha>
    <isTele>0</isTele>
  </PipeData>
	<BlockData>
		<State>1</State>
		<xLocation>464</xLocation>
		<yLocation>224</yLocation>
	</BlockData>
  
	<BlockData>
		<State>1</State>
		<xLocation>480</xLocation>
		<yLocation>224</yLocation>
	</BlockData>
	<BlockData>
		<State>1</State>
		<xLocation>496</xLocation>
		<yLocation>224</yLocation>
	</BlockData>
	<BlockData>
		<State>1</State>
		<xLocation>512</xLocation>
		<yLocation>224</yLocation>
	</BlockData>
	<BlockData>
		<State>1</State>
		<xLocation>528</xLocation>
		<yLocation>224</yLocation>
	</BlockData>
	<BlockData>
		<State>1</State>
		<xLocation>544</xLocation>
		<yLocation>224</yLocation>
	</BlockData>
	<BlockData>
		<State>1</State>
		<xLocation>560</xLocation>
		<yLocation>224</yLocation>
	</BlockData>
	<BlockData>
		<State>1</State>
		<xLocation>576</xLocation>
		<yLocation>224</yLocation>
	</BlockData>
	<BlockData>
		<State>1</State>
		<xLocation>592</xLocation>
		<yLocation>224</yLocation>
	</BlockData>
  
	<BlockData>
		<State>1</State>
		<xLocation>608</xLocation>
		<yLocation>224</yLocation>
	</BlockData>
  <PipeData>
    <xLocation>608</xLocation>
    <yLocation>192</yLocation>
    <piranha>1</piranha>
    <isTele>0</isTele>
  </PipeData>
	<BlockData>
		<State>1</State>
		<xLocation>624</xLocation>
		<yLocation>224</yLocation>
	</BlockData>
  
	<BlockData>
		<State>1</State>
		<xLocation>640</xLocation>
		<yLocation>224</yLocation>
	</BlockData>
	<BlockData>
		<State>1</State>
		<xLocation>656</xLocation>
		<yLocation>224</yLocation>
	</BlockData>
	<BlockData>
		<State>1</State>
		<xLocation>672</xLocation>
		<yLocation>224</yLocation>
	</BlockData>
	<BlockData>
		<State>1</State>
		<xLocation>688</xLocation>
		<yLocation>224</yLocation>
	</BlockData>
	<BlockData>
		<State>1</State>
		<xLocation>704</xLocation>
		<yLocation>224</yLocation>
	</BlockData>
	<BlockData>
		<State>1</State>
		<xLocation>720</xLocation>
		<yLocation>224</yLocation>
	</BlockData>
  
	<BlockData>
		<State>1</State>
		<xLocation>736</xLocation>
		<yLocation>224</yLocation>
	</BlockData>
  <PipeData>
    <xLocation>736</xLocation>
    <yLocation>192</yLocation>
    <piranha>1</piranha>
    <isTele>0</isTele>
  </PipeData>
	<BlockData>
		<State>1</State>
		<xLocation>752</xLocation>
		<yLocation>224</yLocation>
	</BlockData>
  
	<BlockData>
		<State>1</State>
		<xLocation>768</xLocation>
		<yLocation>224</yLocation>
	</BlockData>
	<BlockData>
		<State>1</State>
		<xLocation>784</xLocation>
		<yLocation>224</yLocation>
	</BlockData>
	<BlockData>
		<State>1</State>
		<xLocation>800</xLocation>
		<yLocation>224</yLocation>
	</BlockData>
	<BlockData>
		<State>1</State>
		<xLocation>816</xLocation>
		<yLocation>224</yLocation>
	</BlockData>
	<BlockData>
		<State>1</State>
		<xLocation>832</xLocation>
		<yLocation>224</yLocation>
	</BlockData>
	<BlockData>
		<State>1</State>
		<xLocation>848</xLocation>
		<yLocation>224</yLocation>
	</BlockData>
	<BlockData>
		<State>1</State>
		<xLocation>864</xLocation>
		<yLocation>224</yLocation>
	</BlockData>
	<BlockData>
		<State>1</State>
		<xLocation>880</xLocation>
		<yLocation>224</yLocation>
	</BlockData>
	<BlockData>
		<State>1</State>
		<xLocation>896</xLocation>
		<yLocation>224</yLocation>
	</BlockData>
  
	<BlockData>
		<State>1</State>
		<xLocation>912</xLocation>
		<yLocation>224</yLocation>
	</BlockData>
  <PipeData>
    <xLocation>912</xLocation>
    <yLocation>192</yLocation>
    <piranha>0</piranha>
    <isTele>1</isTele>
  </PipeData>
	<BlockData>
		<State>1</State>
		<xLocation>928</xLocation>
		<yLocation>224</yLocation>
	</BlockData>
  
	<BlockData>
		<State>1</State>
		<xLocation>944</xLocation>
		<yLocation>224</yLocation>
	</BlockData>
	<BlockData>
		<State>1</State>
		<xLocation>960</xLocation>
		<yLocation>224</yLocation>
	</BlockData>
	<BlockData>
		<State>1</State>
		<xLocation>976</xLocation>
		<yLocation>224</yLocation>
	</BlockData>
	<BlockData>
		<State>1</State>
		<xLocation>992</xLocation>
		<yLocation>224</yLocation>
	</BlockData>
	<BlockData>
		<State>1</State>
		<xLocation>1008</xLocation>
		<yLocation>224</yLocation>
	</BlockData>
  
	<BlockData>
		<State>1</State>
		<xLocation>1024</xLocation>
		<yLocation>224</yLocation>
	</BlockData>
  <QuestionBlockData>
    <State>2</State>
    <xLocation>1024</xLocation>
    <yLocation>144</yLocation>
    <containedItem>0</containedItem>
    <isHidden>0</isHidden>
  </QuestionBlockData>
  <BlockData>
    <State>1</State>
    <xLocation>1040</xLocation>
    <yLocation>224</yLocation>
  </BlockData>
  <BlockData>
    <State>1</State>
    <xLocation>1056</xLocation>
    <yLocation>224</yLocation>
  </BlockData>
  <BlockData>
    <State>1</State>
    <xLocation>1072</xLocation>
    <yLocation>224</yLocation>
  </BlockData>
  <BlockData>
    <State>1</State>
    <xLocation>1088</xLocation>
    <yLocation>224</yLocation>
  </BlockData>

  <BlockData>
    <State>1</State>
    <xLocation>1136</xLocation>
    <yLocation>224</yLocation>
  </BlockData>
  <BlockData>
    <State>1</State>
    <xLocation>1152</xLocation>
    <yLocation>224</yLocation>
  </BlockData>
  <BlockData>
    <State>1</State>
    <xLocation>1168</xLocation>
    <yLocation>224</yLocation>
  </BlockData>
  <BlockData>
    <State>1</State>
    <xLocation>1184</xLocation>
    <yLocation>224</yLocation>
  </BlockData>
  <BlockData>
    <State>1</State>
    <xLocation>1200</xLocation>
    <yLocation>224</yLocation>
  </BlockData>
  <BlockData>
    <State>1</State>
    <xLocation>1216</xLocation>
    <yLocation>224</yLocation>
  </BlockData>
  <BlockData>
    <State>1</State>
    <xLocation>1232</xLocation>
    <yLocation>224</yLocation>
  </BlockData>
  <BlockData>
    <State>0</State>
    <xLocation>1232</xLocation>
    <yLocation>160</yLocation>
  </BlockData>
  <BlockData>
    <State>1</State>
    <xLocation>1248</xLocation>
    <yLocation>224</yLocation>
  </BlockData>
  <QuestionBlockData>
    <State>2</State>
    <xLocation>1248</xLocation>
    <yLocation>160</yLocation>
    <containedItem>1</containedItem>
    <isHidden>0</isHidden>
  </QuestionBlockData>
  <BlockData>
    <State>1</State>
    <xLocation>1264</xLocation>
    <yLocation>224</yLocation>
  </BlockData>
  <BlockData>
    <State>0</State>
    <xLocation>1264</xLocation>
    <yLocation>160</yLocation>
  </BlockData>
  <BlockData>
    <State>1</State>
    <xLocation>1280</xLocation>
    <yLocation>224</yLocation>
  </BlockData>
  <BlockData>
    <State>0</State>
    <xLocation>1280</xLocation>
    <yLocation>96</yLocation>
  </BlockData>
  <BlockData>
    <State>1</State>
    <xLocation>1296</xLocation>
    <yLocation>224</yLocation>
  </BlockData>
  <BlockData>
    <State>0</State>
    <xLocation>1296</xLocation>
    <yLocation>96</yLocation>
  </BlockData>
  <BlockData>
    <State>1</State>
    <xLocation>1312</xLocation>
    <yLocation>224</yLocation>
  </BlockData>
  <BlockData>
    <State>0</State>
    <xLocation>1312</xLocation>
    <yLocation>96</yLocation>
  </BlockData>
  <BlockData>
    <State>1</State>
    <xLocation>1328</xLocation>
    <yLocation>224</yLocation>
  </BlockData>
  <BlockData>
    <State>0</State>
    <xLocation>1328</xLocation>
    <yLocation>96</yLocation>
  </BlockData>
  <BlockData>
    <State>1</State>
    <xLocation>1344</xLocation>
    <yLocation>224</yLocation>
  </BlockData>
  <BlockData>
    <State>0</State>
    <xLocation>1344</xLocation>
    <yLocation>96</yLocation>
  </BlockData>
  <BlockData>
    <State>1</State>
    <xLocation>1360</xLocation>
    <yLocation>224</yLocation>
  </BlockData>
  <BlockData>
    <State>0</State>
    <xLocation>1360</xLocation>
    <yLocation>96</yLocation>
  </BlockData>
  <BlockData>
    <State>0</State>
    <xLocation>1376</xLocation>
    <yLocation>96</yLocation>
  </BlockData>
  <BlockData>
    <State>0</State>
    <xLocation>1392</xLocation>
    <yLocation>96</yLocation>
  </BlockData>

  <BlockData>
    <State>1</State>
    <xLocation>1424</xLocation>
    <yLocation>224</yLocation>
  </BlockData>
  <BlockData>
    <State>1</State>
    <xLocation>1440</xLocation>
    <yLocation>224</yLocation>
  </BlockData>
  <BlockData>
    <State>1</State>
    <xLocation>1456</xLocation>
    <yLocation>224</yLocation>
  </BlockData>
  <BlockData>
    <State>0</State>
    <xLocation>1456</xLocation>
    <yLocation>96</yLocation>
  </BlockData>
  <BlockData>
    <State>1</State>
    <xLocation>1472</xLocation>
    <yLocation>224</yLocation>
  </BlockData>
  <BlockData>
    <State>0</State>
    <xLocation>1472</xLocation>
    <yLocation>96</yLocation>
  </BlockData>
  <BlockData>
    <State>1</State>
    <xLocation>1488</xLocation>
    <yLocation>224</yLocation>
  </BlockData>
  <BlockData>
    <State>0</State>
    <xLocation>1488</xLocation>
    <yLocation>96</yLocation>
  </BlockData>
  <BlockData>
    <State>1</State>
    <xLocation>1504</xLocation>
    <yLocation>224</yLocation>
  </BlockData>
  <QuestionBlockData>
    <State>2</State>
    <xLocation>1504</xLocation>
    <yLocation>96</yLocation>
    <containedItem>1</containedItem>
    <isHidden>0</isHidden>
  </QuestionBlockData>
  <BlockData>
    <State>0</State>
    <xLocation>1504</xLocation>
    <yLocation>160</yLocation>
  </BlockData>
  <BlockData>
    <State>1</State>
    <xLocation>1520</xLocation>
    <yLocation>224</yLocation>
  </BlockData>
  <BlockData>
    <State>1</State>
    <xLocation>1536</xLocation>
    <yLocation>224</yLocation>
  </BlockData>
  <BlockData>
    <State>1</State>
    <xLocation>1552</xLocation>
    <yLocation>224</yLocation>
  </BlockData>
  <BlockData>
    <State>1</State>
    <xLocation>1568</xLocation>
    <yLocation>224</yLocation>
  </BlockData>
  <BlockData>
    <State>1</State>
    <xLocation>1584</xLocation>
    <yLocation>224</yLocation>
  </BlockData>
  <BlockData>
    <State>1</State>
    <xLocation>1600</xLocation>
    <yLocation>224</yLocation>
  </BlockData>
  <BlockData>
    <State>0</State>
    <xLocation>1600</xLocation>
    <yLocation>160</yLocation>
  </BlockData>
  <BlockData>
    <State>1</State>
    <xLocation>1616</xLocation>
    <yLocation>224</yLocation>
  </BlockData>
  <QuestionBlockData>
    <State>2</State>
    <xLocation>1616</xLocation>
    <yLocation>160</yLocation>
    <containedItem>3</containedItem>
    <isHidden>0</isHidden>
  </QuestionBlockData>
  <BlockData>
    <State>1</State>
    <xLocation>1632</xLocation>
    <yLocation>224</yLocation>
  </BlockData>
  <BlockData>
    <State>1</State>
    <xLocation>1648</xLocation>
    <yLocation>224</yLocation>
  </BlockData>
  <BlockData>
    <State>1</State>
    <xLocation>1664</xLocation>
    <yLocation>224</yLocation>
  </BlockData>
  <BlockData>
    <State>1</State>
    <xLocation>1680</xLocation>
    <yLocation>224</yLocation>
  </BlockData>
  <BlockData>
    <State>1</State>
    <xLocation>1696</xLocation>
    <yLocation>224</yLocation>
  </BlockData>
  <QuestionBlockData>
    <State>2</State>
    <xLocation>1696</xLocation>
    <yLocation>160</yLocation>
    <containedItem>0</containedItem>
    <isHidden>0</isHidden>
  </QuestionBlockData>
  <BlockData>
    <State>1</State>
    <xLocation>1712</xLocation>
    <yLocation>224</yLocation>
  </BlockData>
  <BlockData>
    <State>1</State>
    <xLocation>1728</xLocation>
    <yLocation>224</yLocation>
  </BlockData>
  <BlockData>
    <State>1</State>
    <xLocation>1744</xLocation>
    <yLocation>224</yLocation>
  </BlockData>
  <QuestionBlockData>
    <State>2</State>
    <xLocation>1744</xLocation>
    <yLocation>160</yLocation>
    <containedItem>2</containedItem>
    <isHidden>0</isHidden>
  </QuestionBlockData>
  <QuestionBlockData>
    <State>2</State>
    <xLocation>1744</xLocation>
    <yLocation>96</yLocation>
    <containedItem>1</containedItem>
    <isHidden>0</isHidden>
  </QuestionBlockData>
  <BlockData>
    <State>1</State>
    <xLocation>1760</xLocation>
    <yLocation>224</yLocation>
  </BlockData>
  <BlockData>
    <State>1</State>
    <xLocation>1776</xLocation>
    <yLocation>224</yLocation>
  </BlockData>
  <BlockData>
    <State>1</State>
    <xLocation>1792</xLocation>
    <yLocation>224</yLocation>
  </BlockData>
  <QuestionBlockData>
    <State>2</State>
    <xLocation>1792</xLocation>
    <yLocation>160</yLocation>
    <containedItem>2</containedItem>
    <isHidden>0</isHidden>
  </QuestionBlockData>
  <BlockData>
    <State>1</State>
    <xLocation>1808</xLocation>
    <yLocation>224</yLocation>
  </BlockData>
  <BlockData>
    <State>1</State>
    <xLocation>1824</xLocation>
    <yLocation>224</yLocation>
  </BlockData>
  <BlockData>
    <State>1</State>
    <xLocation>1840</xLocation>
    <yLocation>224</yLocation>
  </BlockData>
  <BlockData>
    <State>1</State>
    <xLocation>1856</xLocation>
    <yLocation>224</yLocation>
  </BlockData>
  <BlockData>
    <State>1</State>
    <xLocation>1872</xLocation>
    <yLocation>224</yLocation>
  </BlockData>
  <BlockData>
    <State>1</State>
    <xLocation>1888</xLocation>
    <yLocation>224</yLocation>
  </BlockData>
  <BlockData>
    <State>0</State>
    <xLocation>1888</xLocation>
    <yLocation>160</yLocation>
  </BlockData>
  <BlockData>
    <State>1</State>
    <xLocation>1904</xLocation>
    <yLocation>224</yLocation>
  </BlockData>
  <BlockData>
    <State>1</State>
    <xLocation>1920</xLocation>
    <yLocation>224</yLocation>
  </BlockData>
  <BlockData>
    <State>1</State>
    <xLocation>1936</xLocation>
    <yLocation>224</yLocation>
  </BlockData>
  <BlockData>
    <State>0</State>
    <xLocation>1936</xLocation>
    <yLocation>96</yLocation>
  </BlockData>
  <BlockData>
    <State>1</State>
    <xLocation>1952</xLocation>
    <yLocation>224</yLocation>
  </BlockData>
  <BlockData>
    <State>0</State>
    <xLocation>1952</xLocation>
    <yLocation>96</yLocation>
  </BlockData>
  <BlockData>
    <State>1</State>
    <xLocation>1968</xLocation>
    <yLocation>224</yLocation>
  </BlockData>
  <BlockData>
    <State>0</State>
    <xLocation>1968</xLocation>
    <yLocation>96</yLocation>
  </BlockData>
  <BlockData>
    <State>1</State>
    <xLocation>1984</xLocation>
    <yLocation>224</yLocation>
  </BlockData>
  <BlockData>
    <State>1</State>
    <xLocation>2000</xLocation>
    <yLocation>224</yLocation>
  </BlockData>
  <BlockData>
    <State>1</State>
    <xLocation>2016</xLocation>
    <yLocation>224</yLocation>
  </BlockData>
  <BlockData>
    <State>1</State>
    <xLocation>2032</xLocation>
    <yLocation>224</yLocation>
  </BlockData>
  <BlockData>
    <State>1</State>
    <xLocation>2048</xLocation>
    <yLocation>224</yLocation>
  </BlockData>
  <BlockData>
    <State>0</State>
    <xLocation>2048</xLocation>
    <yLocation>96</yLocation>
  </BlockData>
  <BlockData>
    <State>1</State>
    <xLocation>2064</xLocation>
    <yLocation>224</yLocation>
  </BlockData>
  <QuestionBlockData>
    <State>2</State>
    <xLocation>2064</xLocation>
    <yLocation>96</yLocation>
    <containedItem>3</containedItem>
    <isHidden>0</isHidden>
  </QuestionBlockData>
  <BlockData>
    <State>0</State>
    <xLocation>2064</xLocation>
    <yLocation>160</yLocation>
  </BlockData>
  <BlockData>
    <State>1</State>
    <xLocation>2080</xLocation>
    <yLocation>224</yLocation>
  </BlockData>
  <QuestionBlockData>
    <State>2</State>
    <xLocation>2080</xLocation>
    <yLocation>96</yLocation>
    <containedItem>2</containedItem>
    <isHidden>0</isHidden>
  </QuestionBlockData>
  <BlockData>
    <State>0</State>
    <xLocation>2080</xLocation>
    <yLocation>160</yLocation>
  </BlockData>
  <BlockData>
    <State>1</State>
    <xLocation>2096</xLocation>
    <yLocation>224</yLocation>
  </BlockData>
  <BlockData>
    <State>0</State>
    <xLocation>2096</xLocation>
    <yLocation>96</yLocation>
  </BlockData>
  <BlockData>
    <State>1</State>
    <xLocation>2112</xLocation>
    <yLocation>224</yLocation>
  </BlockData>
  <BlockData>
    <State>1</State>
    <xLocation>2128</xLocation>
    <yLocation>224</yLocation>
  </BlockData>
  <BlockData>
    <State>1</State>
    <xLocation>2144</xLocation>
    <yLocation>224</yLocation>
  </BlockData>
  <BlockData>
    <State>3</State>
    <xLocation>2144</xLocation>
    <yLocation>208</yLocation>
  </BlockData>
  <BlockData>
    <State>1</State>
    <xLocation>2160</xLocation>
    <yLocation>224</yLocation>
  </BlockData>
  <BlockData>
    <State>3</State>
    <xLocation>2160</xLocation>
    <yLocation>208</yLocation>
  </BlockData>
  <BlockData>
    <State>3</State>
    <xLocation>2160</xLocation>
    <yLocation>192</yLocation>
  </BlockData>
  <BlockData>
    <State>1</State>
    <xLocation>2176</xLocation>
    <yLocation>224</yLocation>
  </BlockData>
  <BlockData>
    <State>3</State>
    <xLocation>2176</xLocation>
    <yLocation>208</yLocation>
  </BlockData>
  <BlockData>
    <State>3</State>
    <xLocation>2176</xLocation>
    <yLocation>192</yLocation>
  </BlockData>
  <BlockData>
    <State>3</State>
    <xLocation>2176</xLocation>
    <yLocation>176</yLocation>
  </BlockData>
  <BlockData>
    <State>1</State>
    <xLocation>2192</xLocation>
    <yLocation>224</yLocation>
  </BlockData>
  <BlockData>
    <State>3</State>
    <xLocation>2192</xLocation>
    <yLocation>208</yLocation>
  </BlockData>
  <BlockData>
    <State>3</State>
    <xLocation>2192</xLocation>
    <yLocation>192</yLocation>
  </BlockData>
  <BlockData>
    <State>3</State>
    <xLocation>2192</xLocation>
    <yLocation>176</yLocation>
  </BlockData>
  <BlockData>
    <State>3</State>
    <xLocation>2192</xLocation>
    <yLocation>160</yLocation>
  </BlockData>
  <BlockData>
    <State>1</State>
    <xLocation>2208</xLocation>
    <yLocation>224</yLocation>
  </BlockData>
  <BlockData>
    <State>1</State>
    <xLocation>2224</xLocation>
    <yLocation>224</yLocation>
  </BlockData>
  <BlockData>
    <State>1</State>
    <xLocation>2240</xLocation>
    <yLocation>224</yLocation>
  </BlockData>
  <BlockData>
    <State>3</State>
    <xLocation>2240</xLocation>
    <yLocation>208</yLocation>
  </BlockData>
  <BlockData>
    <State>3</State>
    <xLocation>2240</xLocation>
    <yLocation>192</yLocation>
  </BlockData>
  <BlockData>
    <State>3</State>
    <xLocation>2240</xLocation>
    <yLocation>176</yLocation>
  </BlockData>
  <BlockData>
    <State>3</State>
    <xLocation>2240</xLocation>
    <yLocation>160</yLocation>
  </BlockData>
  <BlockData>
    <State>1</State>
    <xLocation>2256</xLocation>
    <yLocation>224</yLocation>
  </BlockData>
  <BlockData>
    <State>3</State>
    <xLocation>2256</xLocation>
    <yLocation>208</yLocation>
  </BlockData>
  <BlockData>
    <State>3</State>
    <xLocation>2256</xLocation>
    <yLocation>192</yLocation>
  </BlockData>
  <BlockData>
    <State>3</State>
    <xLocation>2256</xLocation>
    <yLocation>176</yLocation>
  </BlockData>
  <BlockData>
    <State>1</State>
    <xLocation>2272</xLocation>
    <yLocation>224</yLocation>
  </BlockData>
  <BlockData>
    <State>3</State>
    <xLocation>2272</xLocation>
    <yLocation>208</yLocation>
  </BlockData>
  <BlockData>
    <State>3</State>
    <xLocation>2272</xLocation>
    <yLocation>192</yLocation>
  </BlockData>
  <BlockData>
    <State>1</State>
    <xLocation>2288</xLocation>
    <yLocation>224</yLocation>
  </BlockData>
  <BlockData>
    <State>3</State>
    <xLocation>2288</xLocation>
    <yLocation>208</yLocation>
  </BlockData>
  <BlockData>
    <State>1</State>
    <xLocation>2304</xLocation>
    <yLocation>224</yLocation>
  </BlockData>
  <BlockData>
    <State>1</State>
    <xLocation>2320</xLocation>
    <yLocation>224</yLocation>
  </BlockData>
  <BlockData>
    <State>1</State>
    <xLocation>2336</xLocation>
    <yLocation>224</yLocation>
  </BlockData>
  <BlockData>
    <State>1</State>
    <xLocation>2352</xLocation>
    <yLocation>224</yLocation>
  </BlockData>
  <BlockData>
    <State>1</State>
    <xLocation>2368</xLocation>
    <yLocation>224</yLocation>
  </BlockData>
  <BlockData>
    <State>3</State>
    <xLocation>2368</xLocation>
    <yLocation>208</yLocation>
  </BlockData>
  <BlockData>
    <State>1</State>
    <xLocation>2384</xLocation>
    <yLocation>224</yLocation>
  </BlockData>
  <BlockData>
    <State>3</State>
    <xLocation>2384</xLocation>
    <yLocation>208</yLocation>
  </BlockData>
  <BlockData>
    <State>3</State>
    <xLocation>2384</xLocation>
    <yLocation>192</yLocation>
  </BlockData>
  <BlockData>
    <State>1</State>
    <xLocation>2400</xLocation>
    <yLocation>224</yLocation>
  </BlockData>
  <BlockData>
    <State>3</State>
    <xLocation>2400</xLocation>
    <yLocation>208</yLocation>
  </BlockData>
  <BlockData>
    <State>3</State>
    <xLocation>2400</xLocation>
    <yLocation>192</yLocation>
  </BlockData>
  <BlockData>
    <State>3</State>
    <xLocation>2400</xLocation>
    <yLocation>176</yLocation>
  </BlockData>
  <BlockData>
    <State>1</State>
    <xLocation>2416</xLocation>
    <yLocation>224</yLocation>
  </BlockData>
  <BlockData>
    <State>3</State>
    <xLocation>2416</xLocation>
    <yLocation>208</yLocation>
  </BlockData>
  <BlockData>
    <State>3</State>
    <xLocation>2416</xLocation>
    <yLocation>192</yLocation>
  </BlockData>
  <BlockData>
    <State>3</State>
    <xLocation>2416</xLocation>
    <yLocation>176</yLocation>
  </BlockData>
  <BlockData>
    <State>3</State>
    <xLocation>2416</xLocation>
    <yLocation>160</yLocation>
  </BlockData>
  <BlockData>
    <State>1</State>
    <xLocation>2432</xLocation>
    <yLocation>224</yLocation>
  </BlockData>
  <BlockData>
    <State>3</State>
    <xLocation>2432</xLocation>
    <yLocation>208</yLocation>
  </BlockData>
  <BlockData>
    <State>3</State>
    <xLocation>2432</xLocation>
    <yLocation>192</yLocation>
  </BlockData>
  <BlockData>
    <State>3</State>
    <xLocation>2432</xLocation>
    <yLocation>176</yLocation>
  </BlockData>
  <BlockData>
    <State>3</State>
    <xLocation>2432</xLocation>
    <yLocation>160</yLocation>
  </BlockData>
  <BlockData>
    <State>1</State>
    <xLocation>2480</xLocation>
    <yLocation>224</yLocation>
  </BlockData>
  <BlockData>
    <State>3</State>
    <xLocation>2480</xLocation>
    <yLocation>208</yLocation>
  </BlockData>
  <BlockData>
    <State>3</State>
    <xLocation>2480</xLocation>
    <yLocation>192</yLocation>
  </BlockData>
  <BlockData>
    <State>3</State>
    <xLocation>2480</xLocation>
    <yLocation>176</yLocation>
  </BlockData>
  <BlockData>
    <State>3</State>
    <xLocation>2480</xLocation>
    <yLocation>160</yLocation>
  </BlockData>
  <BlockData>
    <State>1</State>
    <xLocation>2496</xLocation>
    <yLocation>224</yLocation>
  </BlockData>
  <BlockData>
    <State>3</State>
    <xLocation>2496</xLocation>
    <yLocation>208</yLocation>
  </BlockData>
  <BlockData>
    <State>3</State>
    <xLocation>2496</xLocation>
    <yLocation>192</yLocation>
  </BlockData>
  <BlockData>
    <State>3</State>
    <xLocation>2496</xLocation>
    <yLocation>176</yLocation>
  </BlockData>
  <BlockData>
    <State>1</State>
    <xLocation>2512</xLocation>
    <yLocation>224</yLocation>
  </BlockData>
  <BlockData>
    <State>3</State>
    <xLocation>2512</xLocation>
    <yLocation>208</yLocation>
  </BlockData>
  <BlockData>
    <State>3</State>
    <xLocation>2512</xLocation>
    <yLocation>192</yLocation>
  </BlockData>
  <BlockData>
    <State>1</State>
    <xLocation>2528</xLocation>
    <yLocation>224</yLocation>
  </BlockData>
  <BlockData>
    <State>3</State>
    <xLocation>2528</xLocation>
    <yLocation>208</yLocation>
  </BlockData>
  <BlockData>
    <State>1</State>
    <xLocation>2544</xLocation>
    <yLocation>224</yLocation>
  </BlockData>
  <BlockData>
    <State>1</State>
    <xLocation>2560</xLocation>
    <yLocation>224</yLocation>
  </BlockData>
  <BlockData>
    <State>1</State>
    <xLocation>2576</xLocation>
    <yLocation>224</yLocation>
  </BlockData>
  <BlockData>
    <State>1</State>
    <xLocation>2592</xLocation>
    <yLocation>224</yLocation>
  </BlockData>

  <BlockData>
    <State>1</State>
    <xLocation>2608</xLocation>
    <yLocation>224</yLocation>
  </BlockData>
  <PipeData>
    <xLocation>2608</xLocation>
    <yLocation>192</yLocation>
    <piranha>0</piranha>
    <isTele>0</isTele>
  </PipeData>
  <BlockData>
    <State>1</State>
    <xLocation>2624</xLocation>
    <yLocation>224</yLocation>
  </BlockData>

  <BlockData>
    <State>1</State>
    <xLocation>2640</xLocation>
    <yLocation>224</yLocation>
  </BlockData>
  <BlockData>
    <State>1</State>
    <xLocation>2656</xLocation>
    <yLocation>224</yLocation>
  </BlockData>
  <BlockData>
    <State>1</State>
    <xLocation>2672</xLocation>
    <yLocation>224</yLocation>
  </BlockData>
  <BlockData>
    <State>1</State>
    <xLocation>2688</xLocation>
    <yLocation>224</yLocation>
  </BlockData>
  <BlockData>
    <State>0</State>
    <xLocation>2688</xLocation>
    <yLocation>160</yLocation>
  </BlockData>
  <BlockData>
    <State>1</State>
    <xLocation>2704</xLocation>
    <yLocation>224</yLocation>
  </BlockData>
  <BlockData>
    <State>0</State>
    <xLocation>2704</xLocation>
    <yLocation>160</yLocation>
  </BlockData>
  <BlockData>
    <State>1</State>
    <xLocation>2720</xLocation>
    <yLocation>224</yLocation>
  </BlockData>
  <QuestionBlockData>
    <State>2</State>
    <xLocation>2720</xLocation>
    <yLocation>160</yLocation>
    <containedItem>3</containedItem>
    <isHidden>0</isHidden>
  </QuestionBlockData>
  <BlockData>
    <State>1</State>
    <xLocation>2736</xLocation>
    <yLocation>224</yLocation>
  </BlockData>
  <BlockData>
    <State>0</State>
    <xLocation>2736</xLocation>
    <yLocation>160</yLocation>
  </BlockData>
  <BlockData>
    <State>1</State>
    <xLocation>2752</xLocation>
    <yLocation>224</yLocation>
  </BlockData>
  <BlockData>
    <State>1</State>
    <xLocation>2768</xLocation>
    <yLocation>224</yLocation>
  </BlockData>
  <BlockData>
    <State>1</State>
    <xLocation>2784</xLocation>
    <yLocation>224</yLocation>
  </BlockData>
  <BlockData>
    <State>1</State>
    <xLocation>2800</xLocation>
    <yLocation>224</yLocation>
  </BlockData>
  <BlockData>
    <State>1</State>
    <xLocation>2816</xLocation>
    <yLocation>224</yLocation>
  </BlockData>
  <BlockData>
    <State>1</State>
    <xLocation>2832</xLocation>
    <yLocation>224</yLocation>
  </BlockData>
  <BlockData>
    <State>1</State>
    <xLocation>2848</xLocation>
    <yLocation>224</yLocation>
  </BlockData>

  <BlockData>
    <State>1</State>
    <xLocation>2864</xLocation>
    <yLocation>224</yLocation>
  </BlockData>
  <PipeData>
    <xLocation>2864</xLocation>
    <yLocation>192</yLocation>
    <piranha>1</piranha>
    <isTele>0</isTele>
  </PipeData>
  <BlockData>
    <State>1</State>
    <xLocation>2880</xLocation>
    <yLocation>224</yLocation>
  </BlockData>

  <BlockData>
    <State>1</State>
    <xLocation>2896</xLocation>
    <yLocation>224</yLocation>
  </BlockData>
  <BlockData>
    <State>3</State>
    <xLocation>2896</xLocation>
    <yLocation>208</yLocation>
  </BlockData>
  <BlockData>
    <State>1</State>
    <xLocation>2912</xLocation>
    <yLocation>224</yLocation>
  </BlockData>
  <BlockData>
    <State>3</State>
    <xLocation>2912</xLocation>
    <yLocation>208</yLocation>
  </BlockData>
  <BlockData>
    <State>3</State>
    <xLocation>2912</xLocation>
    <yLocation>192</yLocation>
  </BlockData>
  <BlockData>
    <State>1</State>
    <xLocation>2928</xLocation>
    <yLocation>224</yLocation>
  </BlockData>
  <BlockData>
    <State>3</State>
    <xLocation>2928</xLocation>
    <yLocation>208</yLocation>
  </BlockData>
  <BlockData>
    <State>3</State>
    <xLocation>2928</xLocation>
    <yLocation>192</yLocation>
  </BlockData>
  <BlockData>
    <State>3</State>
    <xLocation>2928</xLocation>
    <yLocation>176</yLocation>
  </BlockData>
  <BlockData>
    <State>1</State>
    <xLocation>2944</xLocation>
    <yLocation>224</yLocation>
  </BlockData>
  <BlockData>
    <State>3</State>
    <xLocation>2944</xLocation>
    <yLocation>208</yLocation>
  </BlockData>
  <BlockData>
    <State>3</State>
    <xLocation>2944</xLocation>
    <yLocation>192</yLocation>
  </BlockData>
  <BlockData>
    <State>3</State>
    <xLocation>2944</xLocation>
    <yLocation>176</yLocation>
  </BlockData>
  <BlockData>
    <State>3</State>
    <xLocation>2944</xLocation>
    <yLocation>160</yLocation>
  </BlockData>
  <BlockData>
    <State>1</State>
    <xLocation>2960</xLocation>
    <yLocation>224</yLocation>
  </BlockData>
  <BlockData>
    <State>3</State>
    <xLocation>2960</xLocation>
    <yLocation>208</yLocation>
  </BlockData>
  <BlockData>
    <State>3</State>
    <xLocation>2960</xLocation>
    <yLocation>192</yLocation>
  </BlockData>
  <BlockData>
    <State>3</State>
    <xLocation>2960</xLocation>
    <yLocation>176</yLocation>
  </BlockData>
  <BlockData>
    <State>3</State>
    <xLocation>2960</xLocation>
    <yLocation>160</yLocation>
  </BlockData>
  <BlockData>
    <State>3</State>
    <xLocation>2960</xLocation>
    <yLocation>144</yLocation>
  </BlockData>
  <BlockData>
    <State>1</State>
    <xLocation>2976</xLocation>
    <yLocation>224</yLocation>
  </BlockData>
  <BlockData>
    <State>3</State>
    <xLocation>2976</xLocation>
    <yLocation>208</yLocation>
  </BlockData>
  <BlockData>
    <State>3</State>
    <xLocation>2976</xLocation>
    <yLocation>192</yLocation>
  </BlockData>
  <BlockData>
    <State>3</State>
    <xLocation>2976</xLocation>
    <yLocation>176</yLocation>
  </BlockData>
  <BlockData>
    <State>3</State>
    <xLocation>2976</xLocation>
    <yLocation>160</yLocation>
  </BlockData>
  <BlockData>
    <State>3</State>
    <xLocation>2976</xLocation>
    <yLocation>144</yLocation>
  </BlockData>
  <BlockData>
    <State>3</State>
    <xLocation>2976</xLocation>
    <yLocation>128</yLocation>
  </BlockData>
  <BlockData>
    <State>1</State>
    <xLocation>2992</xLocation>
    <yLocation>224</yLocation>
  </BlockData>
  <BlockData>
    <State>3</State>
    <xLocation>2992</xLocation>
    <yLocation>208</yLocation>
  </BlockData>
  <BlockData>
    <State>3</State>
    <xLocation>2992</xLocation>
    <yLocation>192</yLocation>
  </BlockData>
  <BlockData>
    <State>3</State>
    <xLocation>2992</xLocation>
    <yLocation>176</yLocation>
  </BlockData>
  <BlockData>
    <State>3</State>
    <xLocation>2992</xLocation>
    <yLocation>160</yLocation>
  </BlockData>
  <BlockData>
    <State>3</State>
    <xLocation>2992</xLocation>
    <yLocation>144</yLocation>
  </BlockData>
  <BlockData>
    <State>3</State>
    <xLocation>2992</xLocation>
    <yLocation>128</yLocation>
  </BlockData>
  <BlockData>
    <State>3</State>
    <xLocation>2992</xLocation>
    <yLocation>112</yLocation>
  </BlockData>
  <BlockData>
    <State>1</State>
    <xLocation>3008</xLocation>
    <yLocation>224</yLocation>
  </BlockData>
  <BlockData>
    <State>3</State>
    <xLocation>3008</xLocation>
    <yLocation>208</yLocation>
  </BlockData>
  <BlockData>
    <State>3</State>
    <xLocation>3008</xLocation>
    <yLocation>192</yLocation>
  </BlockData>
  <BlockData>
    <State>3</State>
    <xLocation>3008</xLocation>
    <yLocation>176</yLocation>
  </BlockData>
  <BlockData>
    <State>3</State>
    <xLocation>3008</xLocation>
    <yLocation>160</yLocation>
  </BlockData>
  <BlockData>
    <State>3</State>
    <xLocation>3008</xLocation>
    <yLocation>144</yLocation>
  </BlockData>
  <BlockData>
    <State>3</State>
    <xLocation>3008</xLocation>
    <yLocation>128</yLocation>
  </BlockData>
  <BlockData>
    <State>3</State>
    <xLocation>3008</xLocation>
    <yLocation>112</yLocation>
  </BlockData>
  <BlockData>
    <State>3</State>
    <xLocation>3008</xLocation>
    <yLocation>96</yLocation>
  </BlockData>
  <BlockData>
    <State>1</State>
    <xLocation>3024</xLocation>
    <yLocation>224</yLocation>
  </BlockData>
  <BlockData>
    <State>3</State>
    <xLocation>3024</xLocation>
    <yLocation>208</yLocation>
  </BlockData>
  <BlockData>
    <State>3</State>
    <xLocation>3024</xLocation>
    <yLocation>192</yLocation>
  </BlockData>
  <BlockData>
    <State>3</State>
    <xLocation>3024</xLocation>
    <yLocation>176</yLocation>
  </BlockData>
  <BlockData>
    <State>3</State>
    <xLocation>3024</xLocation>
    <yLocation>160</yLocation>
  </BlockData>
  <BlockData>
    <State>3</State>
    <xLocation>3024</xLocation>
    <yLocation>144</yLocation>
  </BlockData>
  <BlockData>
    <State>3</State>
    <xLocation>3024</xLocation>
    <yLocation>128</yLocation>
  </BlockData>
  <BlockData>
    <State>3</State>
    <xLocation>3024</xLocation>
    <yLocation>112</yLocation>
  </BlockData>
  <BlockData>
    <State>3</State>
    <xLocation>3024</xLocation>
    <yLocation>96</yLocation>
  </BlockData>
  <BlockData>
    <State>1</State>
    <xLocation>3040</xLocation>
    <yLocation>224</yLocation>
  </BlockData>
  <BlockData>
    <State>1</State>
    <xLocation>3056</xLocation>
    <yLocation>224</yLocation>
  </BlockData>
  <BlockData>
    <State>1</State>
    <xLocation>3072</xLocation>
    <yLocation>224</yLocation>
  </BlockData>
  <BlockData>
    <State>1</State>
    <xLocation>3088</xLocation>
    <yLocation>224</yLocation>
  </BlockData>
  <BlockData>
    <State>1</State>
    <xLocation>3104</xLocation>
    <yLocation>224</yLocation>
  </BlockData>
  <BlockData>
    <State>1</State>
    <xLocation>3120</xLocation>
    <yLocation>224</yLocation>
  </BlockData>
  <BlockData>
    <State>1</State>
    <xLocation>3136</xLocation>
    <yLocation>224</yLocation>
  </BlockData>
  <BlockData>
    <State>1</State>
    <xLocation>3152</xLocation>
    <yLocation>224</yLocation>
  </BlockData>

  <BlockData>
    <State>1</State>
    <xLocation>3168</xLocation>
    <yLocation>224</yLocation>
  </BlockData>
  <BlockData>
    <State>10</State>
    <xLocation>3168</xLocation>
    <yLocation>56</yLocation>
  </BlockData>
  <BlockData>
    <State>11</State>
    <xLocation>3160</xLocation>
    <yLocation>64</yLocation>
  </BlockData>

  <BlockData>
    <State>1</State>
    <xLocation>3184</xLocation>
    <yLocation>224</yLocation>
  </BlockData>
  <BlockData>
    <State>1</State>
    <xLocation>3200</xLocation>
    <yLocation>224</yLocation>
  </BlockData>
  <BlockData>
    <State>1</State>
    <xLocation>3216</xLocation>
    <yLocation>224</yLocation>
  </BlockData>

  <BlockData>
    <State>1</State>
    <xLocation>3232</xLocation>
    <yLocation>224</yLocation>
  </BlockData>
  <BlockData>
    <State>14</State>
    <xLocation>3232</xLocation>
    <yLocation>130</yLocation>
  </BlockData>
  <BlockData>
    <State>1</State>
    <xLocation>3248</xLocation>
    <yLocation>224</yLocation>
  </BlockData>
  <BlockData>
    <State>1</State>
    <xLocation>3264</xLocation>
    <yLocation>224</yLocation>
  </BlockData>
  <BlockData>
    <State>1</State>
    <xLocation>3280</xLocation>
    <yLocation>224</yLocation>
  </BlockData>
  <BlockData>
    <State>1</State>
    <xLocation>3296</xLocation>
    <yLocation>224</yLocation>
  </BlockData>

  <BlockData>
    <State>1</State>
    <xLocation>3312</xLocation>
    <yLocation>224</yLocation>
  </BlockData>
  <BlockData>
    <State>1</State>
    <xLocation>3328</xLocation>
    <yLocation>224</yLocation>
  </BlockData>
  <BlockData>
    <State>1</State>
    <xLocation>3344</xLocation>
    <yLocation>224</yLocation>
  </BlockData>
  <BlockData>
    <State>1</State>
    <xLocation>3360</xLocation>
    <yLocation>224</yLocation>
  </BlockData>
  <BlockData>
    <State>1</State>
    <xLocation>3376</xLocation>
    <yLocation>224</yLocation>
  </BlockData>




  <BlockData>
    <State>1</State>

    <xLocation>3392</xLocation>
    <yLocation>224</yLocation>

  </BlockData>
  <BlockData>
    <State>1</State>

    <xLocation>3408</xLocation>
    <yLocation>224</yLocation>

  </BlockData>
  <BlockData>
    <State>1</State>

    <xLocation>3424</xLocation>
    <yLocation>224</yLocation>

  </BlockData>
  <BlockData>
    <State>1</State>

    <xLocation>3440</xLocation>
    <yLocation>224</yLocation>

  </BlockData>
  <BlockData>
    <State>1</State>

    <xLocation>3456</xLocation>
    <yLocation>224</yLocation>

  </BlockData>
  <BlockData>
    <State>1</State>

    <xLocation>3472</xLocation>
    <yLocation>224</yLocation>

  </BlockData>
  <BlockData>
    <State>1</State>

    <xLocation>3488</xLocation>
    <yLocation>224</yLocation>

  </BlockData>
  <BlockData>
    <State>1</State>

    <xLocation>3504</xLocation>
    <yLocation>224</yLocation>

  </BlockData>
  <BlockData>
    <State>1</State>

    <xLocation>3520</xLocation>
    <yLocation>224</yLocation>

  </BlockData>
  <BlockData>
    <State>1</State>

    <xLocation>3536</xLocation>
    <yLocation>224</yLocation>

  </BlockData>
  <BlockData>
    <State>1</State>

    <xLocation>3552</xLocation>
    <yLocation>224</yLocation>

  </BlockData>
  <BlockData>
    <State>1</State>

    <xLocation>3568</xLocation>
    <yLocation>224</yLocation>

  </BlockData>
  <BlockData>
    <State>1</State>

    <xLocation>3584</xLocation>
    <yLocation>224</yLocation>

  </BlockData>
  <BlockData>
    <State>1</State>

    <xLocation>0</xLocation>
    <yLocation>240</yLocation>

  </BlockData>
  <BlockData>
    <State>1</State>

    <xLocation>16</xLocation>
    <yLocation>240</yLocation>

  </BlockData>
  <BlockData>
    <State>1</State>

    <xLocation>32</xLocation>
    <yLocation>240</yLocation>

  </BlockData>
  <BlockData>
    <State>1</State>

    <xLocation>48</xLocation>
    <yLocation>240</yLocation>

  </BlockData>
  <BlockData>
    <State>1</State>

    <xLocation>64</xLocation>
    <yLocation>240</yLocation>

  </BlockData>
  <BlockData>
    <State>1</State>

    <xLocation>80</xLocation>
    <yLocation>240</yLocation>

  </BlockData>
  <BlockData>
    <State>1</State>

    <xLocation>96</xLocation>
    <yLocation>240</yLocation>

  </BlockData>
  <BlockData>
    <State>1</State>

    <xLocation>112</xLocation>
    <yLocation>240</yLocation>

  </BlockData>
  <BlockData>
    <State>1</State>

    <xLocation>128</xLocation>
    <yLocation>240</yLocation>

  </BlockData>
  <BlockData>
    <State>1</State>

    <xLocation>144</xLocation>
    <yLocation>240</yLocation>

  </BlockData>
  <BlockData>
    <State>1</State>

    <xLocation>160</xLocation>
    <yLocation>240</yLocation>

  </BlockData>
  <BlockData>
    <State>1</State>

    <xLocation>176</xLocation>
    <yLocation>240</yLocation>

  </BlockData>
  <BlockData>
    <State>1</State>

    <xLocation>192</xLocation>
    <yLocation>240</yLocation>

  </BlockData>
  <BlockData>
    <State>1</State>

    <xLocation>208</xLocation>
    <yLocation>240</yLocation>

  </BlockData>
  <BlockData>
    <State>1</State>

    <xLocation>224</xLocation>
    <yLocation>240</yLocation>

  </BlockData>
  <BlockData>
    <State>1</State>

    <xLocation>240</xLocation>
    <yLocation>240</yLocation>

  </BlockData>
  <BlockData>
    <State>1</State>

    <xLocation>256</xLocation>
    <yLocation>240</yLocation>

  </BlockData>
  <BlockData>
    <State>1</State>

    <xLocation>272</xLocation>
    <yLocation>240</yLocation>

  </BlockData>
  <BlockData>
    <State>1</State>

    <xLocation>288</xLocation>
    <yLocation>240</yLocation>

  </BlockData>
  <BlockData>
    <State>1</State>

    <xLocation>304</xLocation>
    <yLocation>240</yLocation>

  </BlockData>
  <BlockData>
    <State>1</State>

    <xLocation>320</xLocation>
    <yLocation>240</yLocation>

  </BlockData>
  <BlockData>
    <State>1</State>

    <xLocation>336</xLocation>
    <yLocation>240</yLocation>

  </BlockData>
  <BlockData>
    <State>1</State>

    <xLocation>352</xLocation>
    <yLocation>240</yLocation>

  </BlockData>
  <BlockData>
    <State>1</State>

    <xLocation>368</xLocation>
    <yLocation>240</yLocation>

  </BlockData>
  <BlockData>
    <State>1</State>

    <xLocation>384</xLocation>
    <yLocation>240</yLocation>

  </BlockData>
  <BlockData>
    <State>1</State>

    <xLocation>400</xLocation>
    <yLocation>240</yLocation>

  </BlockData>
  <BlockData>
    <State>1</State>

    <xLocation>416</xLocation>
    <yLocation>240</yLocation>

  </BlockData>
  <BlockData>
    <State>1</State>

    <xLocation>432</xLocation>
    <yLocation>240</yLocation>

  </BlockData>
  <BlockData>
    <State>1</State>

    <xLocation>448</xLocation>
    <yLocation>240</yLocation>

  </BlockData>
  <BlockData>
    <State>1</State>

    <xLocation>464</xLocation>
    <yLocation>240</yLocation>

  </BlockData>
  <BlockData>
    <State>1</State>

    <xLocation>480</xLocation>
    <yLocation>240</yLocation>

  </BlockData>
  <BlockData>
    <State>1</State>

    <xLocation>496</xLocation>
    <yLocation>240</yLocation>

  </BlockData>
  <BlockData>
    <State>1</State>

    <xLocation>512</xLocation>
    <yLocation>240</yLocation>

  </BlockData>
  <BlockData>
    <State>1</State>

    <xLocation>528</xLocation>
    <yLocation>240</yLocation>

  </BlockData>
  <BlockData>
    <State>1</State>

    <xLocation>544</xLocation>
    <yLocation>240</yLocation>

  </BlockData>
  <BlockData>
    <State>1</State>

    <xLocation>560</xLocation>
    <yLocation>240</yLocation>

  </BlockData>
  <BlockData>
    <State>1</State>

    <xLocation>576</xLocation>
    <yLocation>240</yLocation>

  </BlockData>
  <BlockData>
    <State>1</State>

    <xLocation>592</xLocation>
    <yLocation>240</yLocation>

  </BlockData>
  <BlockData>
    <State>1</State>

    <xLocation>608</xLocation>
    <yLocation>240</yLocation>

  </BlockData>
  <BlockData>
    <State>1</State>

    <xLocation>624</xLocation>
    <yLocation>240</yLocation>

  </BlockData>
  <BlockData>
    <State>1</State>

    <xLocation>640</xLocation>
    <yLocation>240</yLocation>

  </BlockData>
  <BlockData>
    <State>1</State>

    <xLocation>656</xLocation>
    <yLocation>240</yLocation>

  </BlockData>
  <BlockData>
    <State>1</State>

    <xLocation>672</xLocation>
    <yLocation>240</yLocation>

  </BlockData>
  <BlockData>
    <State>1</State>

    <xLocation>688</xLocation>
    <yLocation>240</yLocation>

  </BlockData>
  <BlockData>
    <State>1</State>

    <xLocation>704</xLocation>
    <yLocation>240</yLocation>

  </BlockData>
  <BlockData>
    <State>1</State>

    <xLocation>720</xLocation>
    <yLocation>240</yLocation>

  </BlockData>
  <BlockData>
    <State>1</State>

    <xLocation>736</xLocation>
    <yLocation>240</yLocation>

  </BlockData>
  <BlockData>
    <State>1</State>

    <xLocation>752</xLocation>
    <yLocation>240</yLocation>

  </BlockData>
  <BlockData>
    <State>1</State>

    <xLocation>768</xLocation>
    <yLocation>240</yLocation>

  </BlockData>
  <BlockData>
    <State>1</State>

    <xLocation>784</xLocation>
    <yLocation>240</yLocation>

  </BlockData>
  <BlockData>
    <State>1</State>

    <xLocation>800</xLocation>
    <yLocation>240</yLocation>

  </BlockData>
  <BlockData>
    <State>1</State>

    <xLocation>816</xLocation>
    <yLocation>240</yLocation>

  </BlockData>
  <BlockData>
    <State>1</State>

    <xLocation>832</xLocation>
    <yLocation>240</yLocation>

  </BlockData>
  <BlockData>
    <State>1</State>

    <xLocation>848</xLocation>
    <yLocation>240</yLocation>

  </BlockData>
  <BlockData>
    <State>1</State>

    <xLocation>864</xLocation>
    <yLocation>240</yLocation>

  </BlockData>
  <BlockData>
    <State>1</State>

    <xLocation>880</xLocation>
    <yLocation>240</yLocation>

  </BlockData>
  <BlockData>
    <State>1</State>

    <xLocation>896</xLocation>
    <yLocation>240</yLocation>

  </BlockData>
  <BlockData>
    <State>1</State>

    <xLocation>912</xLocation>
    <yLocation>240</yLocation>

  </BlockData>
  <BlockData>
    <State>1</State>

    <xLocation>928</xLocation>
    <yLocation>240</yLocation>

  </BlockData>
  <BlockData>
    <State>1</State>

    <xLocation>944</xLocation>
    <yLocation>240</yLocation>

  </BlockData>
  <BlockData>
    <State>1</State>

    <xLocation>960</xLocation>
    <yLocation>240</yLocation>

  </BlockData>
  <BlockData>
    <State>1</State>

    <xLocation>976</xLocation>
    <yLocation>240</yLocation>

  </BlockData>
  <BlockData>
    <State>1</State>

    <xLocation>992</xLocation>
    <yLocation>240</yLocation>

  </BlockData>
  <BlockData>
    <State>1</State>

    <xLocation>1008</xLocation>
    <yLocation>240</yLocation>

  </BlockData>
  <BlockData>
    <State>1</State>

    <xLocation>1024</xLocation>
    <yLocation>240</yLocation>

  </BlockData>
  <BlockData>
    <State>1</State>

    <xLocation>1040</xLocation>
    <yLocation>240</yLocation>

  </BlockData>
  <BlockData>
    <State>1</State>

    <xLocation>1056</xLocation>
    <yLocation>240</yLocation>

  </BlockData>
  <BlockData>
    <State>1</State>

    <xLocation>1072</xLocation>
    <yLocation>240</yLocation>

  </BlockData>
  <BlockData>
    <State>1</State>

    <xLocation>1088</xLocation>
    <yLocation>240</yLocation>

  </BlockData>
  <BlockData>
    <State>1</State>

    <xLocation>1136</xLocation>
    <yLocation>240</yLocation>

  </BlockData>
  <BlockData>
    <State>1</State>

    <xLocation>1152</xLocation>
    <yLocation>240</yLocation>

  </BlockData>
  <BlockData>
    <State>1</State>

    <xLocation>1168</xLocation>
    <yLocation>240</yLocation>

  </BlockData>
  <BlockData>
    <State>1</State>

    <xLocation>1184</xLocation>
    <yLocation>240</yLocation>

  </BlockData>
  <BlockData>
    <State>1</State>

    <xLocation>1200</xLocation>
    <yLocation>240</yLocation>

  </BlockData>
  <BlockData>
    <State>1</State>

    <xLocation>1216</xLocation>
    <yLocation>240</yLocation>

  </BlockData>
  <BlockData>
    <State>1</State>

    <xLocation>1232</xLocation>
    <yLocation>240</yLocation>

  </BlockData>
  <BlockData>
    <State>1</State>

    <xLocation>1248</xLocation>
    <yLocation>240</yLocation>

  </BlockData>
  <BlockData>
    <State>1</State>

    <xLocation>1264</xLocation>
    <yLocation>240</yLocation>

  </BlockData>
  <BlockData>
    <State>1</State>

    <xLocation>1280</xLocation>
    <yLocation>240</yLocation>

  </BlockData>
  <BlockData>
    <State>1</State>

    <xLocation>1296</xLocation>
    <yLocation>240</yLocation>

  </BlockData>
  <BlockData>
    <State>1</State>

    <xLocation>1312</xLocation>
    <yLocation>240</yLocation>

  </BlockData>
  <BlockData>
    <State>1</State>

    <xLocation>1328</xLocation>
    <yLocation>240</yLocation>


  </BlockData>
  <BlockData>
    <State>1</State>

    <xLocation>1344</xLocation>
    <yLocation>240</yLocation>

  </BlockData>
  <BlockData>
    <State>1</State>

    <xLocation>1360</xLocation>
    <yLocation>240</yLocation>

  </BlockData>
  <BlockData>
    <State>1</State>

    <xLocation>1424</xLocation>
    <yLocation>240</yLocation>

  </BlockData>
  <BlockData>
    <State>1</State>

    <xLocation>1440</xLocation>
    <yLocation>240</yLocation>

  </BlockData>
  <BlockData>
    <State>1</State>

    <xLocation>1456</xLocation>
    <yLocation>240</yLocation>

  </BlockData>
  <BlockData>
    <State>1</State>

    <xLocation>1472</xLocation>
    <yLocation>240</yLocation>

  </BlockData>
  <BlockData>
    <State>1</State>

    <xLocation>1488</xLocation>
    <yLocation>240</yLocation>

  </BlockData>
  <BlockData>
    <State>1</State>

    <xLocation>1504</xLocation>
    <yLocation>240</yLocation>

  </BlockData>
  <BlockData>
    <State>1</State>

    <xLocation>1520</xLocation>
    <yLocation>240</yLocation>

  </BlockData>
  <BlockData>
    <State>1</State>

    <xLocation>1536</xLocation>
    <yLocation>240</yLocation>

  </BlockData>
  <BlockData>
    <State>1</State>

    <xLocation>1552</xLocation>
    <yLocation>240</yLocation>

  </BlockData>
  <BlockData>
    <State>1</State>

    <xLocation>1568</xLocation>
    <yLocation>240</yLocation>

  </BlockData>
  <BlockData>
    <State>1</State>

    <xLocation>1584</xLocation>
    <yLocation>240</yLocation>

  </BlockData>
  <BlockData>
    <State>1</State>

    <xLocation>1600</xLocation>
    <yLocation>240</yLocation>

  </BlockData>
  <BlockData>
    <State>1</State>

    <xLocation>1616</xLocation>
    <yLocation>240</yLocation>

  </BlockData>
  <BlockData>
    <State>1</State>

    <xLocation>1632</xLocation>
    <yLocation>240</yLocation>

  </BlockData>
  <BlockData>
    <State>1</State>

    <xLocation>1648</xLocation>
    <yLocation>240</yLocation>

  </BlockData>
  <BlockData>
    <State>1</State>

    <xLocation>1664</xLocation>
    <yLocation>240</yLocation>

  </BlockData>
  <BlockData>
    <State>1</State>

    <xLocation>1680</xLocation>
    <yLocation>240</yLocation>

  </BlockData>
  <BlockData>
    <State>1</State>

    <xLocation>1696</xLocation>
    <yLocation>240</yLocation>

  </BlockData>
  <BlockData>
    <State>1</State>

    <xLocation>1712</xLocation>
    <yLocation>240</yLocation>

  </BlockData>
  <BlockData>
    <State>1</State>

    <xLocation>1728</xLocation>
    <yLocation>240</yLocation>

  </BlockData>
  <BlockData>
    <State>1</State>

    <xLocation>1744</xLocation>
    <yLocation>240</yLocation>

  </BlockData>
  <BlockData>
    <State>1</State>

    <xLocation>1760</xLocation>
    <yLocation>240</yLocation>

  </BlockData>
  <BlockData>
    <State>1</State>

    <xLocation>1776</xLocation>
    <yLocation>240</yLocation>

  </BlockData>
  <BlockData>
    <State>1</State>

    <xLocation>1792</xLocation>
    <yLocation>240</yLocation>

  </BlockData>
  <BlockData>
    <State>1</State>

    <xLocation>1808</xLocation>
    <yLocation>240</yLocation>

  </BlockData>
  <BlockData>
    <State>1</State>

    <xLocation>1824</xLocation>
    <yLocation>240</yLocation>

  </BlockData>
  <BlockData>
    <State>1</State>

    <xLocation>1840</xLocation>
    <yLocation>240</yLocation>

  </BlockData>
  <BlockData>
    <State>1</State>

    <xLocation>1856</xLocation>
    <yLocation>240</yLocation>

  </BlockData>
  <BlockData>
    <State>1</State>

    <xLocation>1872</xLocation>
    <yLocation>240</yLocation>

  </BlockData>
  <BlockData>
    <State>1</State>

    <xLocation>1888</xLocation>
    <yLocation>240</yLocation>

  </BlockData>
  <BlockData>
    <State>1</State>

    <xLocation>1904</xLocation>
    <yLocation>240</yLocation>


  </BlockData>
  <BlockData>
    <State>1</State>

    <xLocation>1920</xLocation>
    <yLocation>240</yLocation>

  </BlockData>
  <BlockData>
    <State>1</State>

    <xLocation>1936</xLocation>
    <yLocation>240</yLocation>

  </BlockData>
  <BlockData>
    <State>1</State>

    <xLocation>1952</xLocation>
    <yLocation>240</yLocation>

  </BlockData>
  <BlockData>
    <State>1</State>

    <xLocation>1952</xLocation>
    <yLocation>240</yLocation>

  </BlockData>
  <BlockData>
    <State>1</State>

    <xLocation>1968</xLocation>
    <yLocation>240</yLocation>

  </BlockData>
  <BlockData>
    <State>1</State>

    <xLocation>1984</xLocation>
    <yLocation>240</yLocation>

  </BlockData>
  <BlockData>
    <State>1</State>

    <xLocation>2000</xLocation>
    <yLocation>240</yLocation>

  </BlockData>
  <BlockData>
    <State>1</State>

    <xLocation>2016</xLocation>
    <yLocation>240</yLocation>

  </BlockData>
  <BlockData>
    <State>1</State>

    <xLocation>2032</xLocation>
    <yLocation>240</yLocation>

  </BlockData>
  <BlockData>
    <State>1</State>

    <xLocation>2048</xLocation>
    <yLocation>240</yLocation>

  </BlockData>
  <BlockData>
    <State>1</State>

    <xLocation>2064</xLocation>
    <yLocation>240</yLocation>

  </BlockData>
  <BlockData>
    <State>1</State>

    <xLocation>2080</xLocation>
    <yLocation>240</yLocation>

  </BlockData>
  <BlockData>
    <State>1</State>

    <xLocation>2096</xLocation>
    <yLocation>240</yLocation>

  </BlockData>
  <BlockData>
    <State>1</State>

    <xLocation>2112</xLocation>
    <yLocation>240</yLocation>

  </BlockData>
  <BlockData>
    <State>1</State>

    <xLocation>2128</xLocation>
    <yLocation>240</yLocation>

  </BlockData>
  <BlockData>
    <State>1</State>

    <xLocation>2144</xLocation>
    <yLocation>240</yLocation>

  </BlockData>
  <BlockData>
    <State>1</State>

    <xLocation>2160</xLocation>
    <yLocation>240</yLocation>

  </BlockData>
  <BlockData>
    <State>1</State>

    <xLocation>2176</xLocation>
    <yLocation>240</yLocation>

  </BlockData>
  <BlockData>
    <State>1</State>

    <xLocation>2192</xLocation>
    <yLocation>240</yLocation>

  </BlockData>
  <BlockData>
    <State>1</State>

    <xLocation>2208</xLocation>
    <yLocation>240</yLocation>

  </BlockData>
  <BlockData>
    <State>1</State>

    <xLocation>2224</xLocation>
    <yLocation>240</yLocation>

  </BlockData>
  <BlockData>
    <State>1</State>

    <xLocation>2240</xLocation>
    <yLocation>240</yLocation>

  </BlockData>
  <BlockData>
    <State>1</State>

    <xLocation>2256</xLocation>
    <yLocation>240</yLocation>

  </BlockData>
  <BlockData>
    <State>1</State>

    <xLocation>2272</xLocation>
    <yLocation>240</yLocation>

  </BlockData>
  <BlockData>
    <State>1</State>

    <xLocation>2288</xLocation>
    <yLocation>240</yLocation>

  </BlockData>
  <BlockData>
    <State>1</State>

    <xLocation>2304</xLocation>
    <yLocation>240</yLocation>

  </BlockData>
  <BlockData>
    <State>1</State>

    <xLocation>2320</xLocation>
    <yLocation>240</yLocation>

  </BlockData>
  <BlockData>
    <State>1</State>

    <xLocation>2336</xLocation>
    <yLocation>240</yLocation>

  </BlockData>
  <BlockData>
    <State>1</State>

    <xLocation>2352</xLocation>
    <yLocation>240</yLocation>

  </BlockData>
  <BlockData>
    <State>1</State>

    <xLocation>2368</xLocation>
    <yLocation>240</yLocation>

  </BlockData>
  <BlockData>
    <State>1</State>

    <xLocation>2384</xLocation>
    <yLocation>240</yLocation>

  </BlockData>
  <BlockData>
    <State>1</State>

    <xLocation>2400</xLocation>
    <yLocation>240</yLocation>

  </BlockData>
  <BlockData>
    <State>1</State>

    <xLocation>2416</xLocation>
    <yLocation>240</yLocation>


  </BlockData>
  <BlockData>
    <State>1</State>

    <xLocation>2432</xLocation>
    <yLocation>240</yLocation>

  </BlockData>
  <BlockData>
    <State>1</State>

    <xLocation>2480</xLocation>
    <yLocation>240</yLocation>

  </BlockData>
  <BlockData>
    <State>1</State>

    <xLocation>2496</xLocation>
    <yLocation>240</yLocation>

  </BlockData>
  <BlockData>
    <State>1</State>

    <xLocation>2512</xLocation>
    <yLocation>240</yLocation>

  </BlockData>
  <BlockData>
    <State>1</State>

    <xLocation>2528</xLocation>
    <yLocation>240</yLocation>

  </BlockData>
  <BlockData>
    <State>1</State>

    <xLocation>2544</xLocation>
    <yLocation>240</yLocation>

  </BlockData>
  <BlockData>
    <State>1</State>

    <xLocation>2560</xLocation>
    <yLocation>240</yLocation>

  </BlockData>
  <BlockData>
    <State>1</State>

    <xLocation>2576</xLocation>
    <yLocation>240</yLocation>

  </BlockData>
  <BlockData>
    <State>1</State>

    <xLocation>2592</xLocation>
    <yLocation>240</yLocation>

  </BlockData>
  <BlockData>
    <State>1</State>

    <xLocation>2608</xLocation>
    <yLocation>240</yLocation>


  </BlockData>
  <BlockData>
    <State>1</State>

    <xLocation>2624</xLocation>
    <yLocation>240</yLocation>

  </BlockData>
  <BlockData>
    <State>1</State>

    <xLocation>2640</xLocation>
    <yLocation>240</yLocation>

  </BlockData>
  <BlockData>
    <State>1</State>

    <xLocation>2656</xLocation>
    <yLocation>240</yLocation>

  </BlockData>
  <BlockData>
    <State>1</State>

    <xLocation>2672</xLocation>
    <yLocation>240</yLocation>

  </BlockData>
  <BlockData>
    <State>1</State>

    <xLocation>2688</xLocation>
    <yLocation>240</yLocation>

  </BlockData>
  <BlockData>
    <State>1</State>

    <xLocation>2704</xLocation>
    <yLocation>240</yLocation>

  </BlockData>
  <BlockData>
    <State>1</State>

    <xLocation>2720</xLocation>
    <yLocation>240</yLocation>

  </BlockData>
  <BlockData>
    <State>1</State>

    <xLocation>2736</xLocation>
    <yLocation>240</yLocation>

  </BlockData>
  <BlockData>
    <State>1</State>

    <xLocation>2752</xLocation>
    <yLocation>240</yLocation>

  </BlockData>
  <BlockData>
    <State>1</State>

    <xLocation>2768</xLocation>
    <yLocation>240</yLocation>

  </BlockData>
  <BlockData>
    <State>1</State>

    <xLocation>2784</xLocation>
    <yLocation>240</yLocation>

  </BlockData>
  <BlockData>
    <State>1</State>

    <xLocation>2800</xLocation>
    <yLocation>240</yLocation>

  </BlockData>
  <BlockData>
    <State>1</State>

    <xLocation>2816</xLocation>
    <yLocation>240</yLocation>

  </BlockData>
  <BlockData>
    <State>1</State>

    <xLocation>2832</xLocation>
    <yLocation>240</yLocation>

  </BlockData>
  <BlockData>
    <State>1</State>

    <xLocation>2848</xLocation>
    <yLocation>240</yLocation>

  </BlockData>
  <BlockData>
    <State>1</State>

    <xLocation>2864</xLocation>
    <yLocation>240</yLocation>

  </BlockData>
  <BlockData>
    <State>1</State>

    <xLocation>2880</xLocation>
    <yLocation>240</yLocation>

  </BlockData>
  <BlockData>
    <State>1</State>

    <xLocation>2896</xLocation>
    <yLocation>240</yLocation>

  </BlockData>
  <BlockData>
    <State>1</State>

    <xLocation>2912</xLocation>
    <yLocation>240</yLocation>

  </BlockData>
  <BlockData>
    <State>1</State>

    <xLocation>2928</xLocation>
    <yLocation>240</yLocation>

  </BlockData>
  <BlockData>
    <State>1</State>

    <xLocation>2944</xLocation>
    <yLocation>240</yLocation>

  </BlockData>
  <BlockData>
    <State>1</State>

    <xLocation>2960</xLocation>
    <yLocation>240</yLocation>

  </BlockData>
  <BlockData>
    <State>1</State>

    <xLocation>2976</xLocation>
    <yLocation>240</yLocation>

  </BlockData>
  <BlockData>
    <State>1</State>

    <xLocation>2992</xLocation>
    <yLocation>240</yLocation>

  </BlockData>
  <BlockData>
    <State>1</State>

    <xLocation>3008</xLocation>
    <yLocation>240</yLocation>

  </BlockData>
  <BlockData>
    <State>1</State>

    <xLocation>3024</xLocation>
    <yLocation>240</yLocation>

  </BlockData>
  <BlockData>
    <State>1</State>

    <xLocation>3040</xLocation>
    <yLocation>240</yLocation>

  </BlockData>
  <BlockData>
    <State>1</State>

    <xLocation>3056</xLocation>
    <yLocation>240</yLocation>

  </BlockData>
  <BlockData>
    <State>1</State>

    <xLocation>3072</xLocation>
    <yLocation>240</yLocation>

  </BlockData>
  <BlockData>
    <State>1</State>

    <xLocation>3088</xLocation>
    <yLocation>240</yLocation>

  </BlockData>
  <BlockData>
    <State>1</State>

    <xLocation>3104</xLocation>
    <yLocation>240</yLocation>

  </BlockData>
  <BlockData>
    <State>1</State>

    <xLocation>3120</xLocation>
    <yLocation>240</yLocation>

  </BlockData>
  <BlockData>
    <State>1</State>

    <xLocation>3136</xLocation>
    <yLocation>240</yLocation>

  </BlockData>
  <BlockData>
    <State>1</State>

    <xLocation>3152</xLocation>
    <yLocation>240</yLocation>

  </BlockData>
  <BlockData>
    <State>1</State>

    <xLocation>3168</xLocation>
    <yLocation>240</yLocation>

  </BlockData>
  <BlockData>
    <State>1</State>

    <xLocation>3184</xLocation>
    <yLocation>240</yLocation>

  </BlockData>
  <BlockData>
    <State>1</State>

    <xLocation>3200</xLocation>
    <yLocation>240</yLocation>

  </BlockData>
  <BlockData>
    <State>1</State>

    <xLocation>3216</xLocation>
    <yLocation>240</yLocation>

  </BlockData>
  <BlockData>
    <State>1</State>

    <xLocation>3232</xLocation>
    <yLocation>240</yLocation>

  </BlockData>
  <BlockData>
    <State>1</State>

    <xLocation>3248</xLocation>
    <yLocation>240</yLocation>

  </BlockData>
  <BlockData>
    <State>1</State>

    <xLocation>3264</xLocation>
    <yLocation>240</yLocation>

  </BlockData>
  <BlockData>
    <State>1</State>

    <xLocation>3280</xLocation>
    <yLocation>240</yLocation>

  </BlockData>
  <BlockData>
    <State>1</State>

    <xLocation>3296</xLocation>
    <yLocation>240</yLocation>

  </BlockData>
  <BlockData>
    <State>1</State>

    <xLocation>3312</xLocation>
    <yLocation>240</yLocation>

  </BlockData>
  <BlockData>
    <State>1</State>

    <xLocation>3328</xLocation>
    <yLocation>240</yLocation>

  </BlockData>
  <BlockData>
    <State>1</State>

    <xLocation>3344</xLocation>
    <yLocation>240</yLocation>

  </BlockData>
  <BlockData>
    <State>1</State>

    <xLocation>3360</xLocation>
    <yLocation>240</yLocation>

  </BlockData>
  <BlockData>
    <State>1</State>

    <xLocation>3376</xLocation>
    <yLocation>240</yLocation>

  </BlockData>
  <BlockData>
    <State>1</State>

    <xLocation>3392</xLocation>
    <yLocation>240</yLocation>

  </BlockData>
  <BlockData>
    <State>1</State>

    <xLocation>3408</xLocation>
    <yLocation>240</yLocation>

  </BlockData>
  <BlockData>
    <State>1</State>

    <xLocation>3424</xLocation>
    <yLocation>240</yLocation>

  </BlockData>
  <BlockData>
    <State>1</State>

    <xLocation>3440</xLocation>
    <yLocation>240</yLocation>

  </BlockData>
  <BlockData>
    <State>1</State>

    <xLocation>3456</xLocation>
    <yLocation>240</yLocation>

  </BlockData>
  <BlockData>
    <State>1</State>

    <xLocation>3472</xLocation>
    <yLocation>240</yLocation>

  </BlockData>
  <BlockData>
    <State>1</State>

    <xLocation>3488</xLocation>
    <yLocation>240</yLocation>

  </BlockData>
  <BlockData>
    <State>1</State>

    <xLocation>3504</xLocation>
    <yLocation>240</yLocation>

  </BlockData>
  <BlockData>
    <State>1</State>

    <xLocation>3520</xLocation>
    <yLocation>240</yLocation>

  </BlockData>
  <BlockData>
    <State>1</State>

    <xLocation>3536</xLocation>
    <yLocation>240</yLocation>

  </BlockData>
  <BlockData>
    <State>1</State>

    <xLocation>3552</xLocation>
    <yLocation>240</yLocation>

  </BlockData>
  <BlockData>
    <State>1</State>

    <xLocation>3568</xLocation>
    <yLocation>240</yLocation>

  </BlockData>
  <BlockData>
    <State>1</State>

    <xLocation>3584</xLocation>
    <yLocation>240</yLocation>

  </BlockData>

</Map>